-- phpMyAdmin SQL Dump
-- version 4.8.4
-- https://www.phpmyadmin.net/
--
-- Host: 127.0.0.1
-- Generation Time: Jan 07, 2019 at 10:19 AM
-- Server version: 10.1.37-MariaDB
-- PHP Version: 5.6.39

SET SQL_MODE = "NO_AUTO_VALUE_ON_ZERO";
SET AUTOCOMMIT = 0;
START TRANSACTION;
SET time_zone = "+00:00";


/*!40101 SET @OLD_CHARACTER_SET_CLIENT=@@CHARACTER_SET_CLIENT */;
/*!40101 SET @OLD_CHARACTER_SET_RESULTS=@@CHARACTER_SET_RESULTS */;
/*!40101 SET @OLD_COLLATION_CONNECTION=@@COLLATION_CONNECTION */;
/*!40101 SET NAMES utf8mb4 */;

--
-- Database: `bikerental`
--
CREATE DATABASE IF NOT EXISTS `bikerental` DEFAULT CHARACTER SET latin1 COLLATE latin1_swedish_ci;
USE `bikerental`;

-- --------------------------------------------------------

--
-- Table structure for table `admin`
--

CREATE TABLE `admin` (
  `id` int(11) NOT NULL,
  `UserName` varchar(100) NOT NULL,
  `Password` varchar(100) NOT NULL,
  `updationDate` timestamp NOT NULL DEFAULT '0000-00-00 00:00:00' ON UPDATE CURRENT_TIMESTAMP
) ENGINE=InnoDB DEFAULT CHARSET=latin1;

--
-- Dumping data for table `admin`
--

INSERT INTO `admin` (`id`, `UserName`, `Password`, `updationDate`) VALUES
(1, 'admin', '5c428d8875d2948607f3e3fe134d71b4', '2017-06-18 12:22:38');

-- --------------------------------------------------------

--
-- Table structure for table `tblbooking`
--

CREATE TABLE `tblbooking` (
  `id` int(11) NOT NULL,
  `userEmail` varchar(100) DEFAULT NULL,
  `VehicleId` int(11) DEFAULT NULL,
  `FromDate` varchar(20) DEFAULT NULL,
  `ToDate` varchar(20) DEFAULT NULL,
  `message` varchar(255) DEFAULT NULL,
  `Status` int(11) DEFAULT NULL,
  `PostingDate` timestamp NOT NULL DEFAULT CURRENT_TIMESTAMP
) ENGINE=InnoDB DEFAULT CHARSET=latin1;

--
-- Dumping data for table `tblbooking`
--

INSERT INTO `tblbooking` (`id`, `userEmail`, `VehicleId`, `FromDate`, `ToDate`, `message`, `Status`, `PostingDate`) VALUES
(4, 'rajat@gmail.com', 1, '01/03/2019', '02/04/2019', 'book\r\n', 0, '2019-01-07 07:17:42'),
(5, 'rajat@gmail.com', 1, '01/03/2019', '02/04/2019', 'book\r\n', 0, '2019-01-07 07:18:06'),
(6, 'sreenath@gmail.com', 1, '01/03/2019', '02/03/2019', 'book\r\n', 2, '2019-01-07 07:18:54'),
(8, 'rajat@gmail.com', 1, '01/03/2019', '02/04/2019', 'Hey booke\r\n', 1, '2019-01-07 08:13:31'),
(9, 'rajat@gmail.com', 4, '01/03/2019', '02/03/2019', 'Please be available for a meeting sir.', 2, '2019-01-07 08:34:33'),
(10, 'roop@gmail.com', 4, '01/02/2019', '02/02/2019', 'Dear sir, \r\n\r\nPlease kindly let me have a meeting with you. ', 1, '2019-01-07 08:44:32'),
(11, 'rajat@gmail.com', 4, '01/02/2019', '02/02/2019', 'Please let me book', 0, '2019-01-07 08:48:11'),
(12, 'rajat@gmail.com', 4, '01/02/2019', '02/02/2019', 'Please let me book\r\n', 0, '2019-01-07 09:06:10'),
(13, 'rajat@gmail.com', 1, '01/03/2019', '02/04/2019', 'Test', 0, '2019-01-07 09:06:59'),
(14, 'rajat@gmail.com', 4, '01/02/2019', '02/02/2019', 'test2', 1, '2019-01-07 09:08:10'),
(15, 'rajat@gmail.com', 4, '01/02/2019', '02/02/2019', 'heyee\r\n', 0, '2019-01-07 09:09:08'),
(16, 'rajat@gmail.com', 4, '01/02/2019', '02/02/2019', 'heyee\r\n', 0, '2019-01-07 09:10:05'),
(17, 'subhash@gmail.com', 4, '01/02/2019', '04/02/2019', 'Please schedule a meeting on the above date.', 1, '2019-01-07 09:11:33'),
(18, 'rahul@gmail.com', 4, '01/03/2019', '03/03/2019', 'Heye\r\n', 0, '2019-01-07 09:14:30');

-- --------------------------------------------------------

--
-- Table structure for table `tblbrands`
--

CREATE TABLE `tblbrands` (
  `id` int(11) NOT NULL,
  `BrandName` varchar(120) NOT NULL,
  `CreationDate` timestamp NULL DEFAULT CURRENT_TIMESTAMP,
  `UpdationDate` timestamp NULL DEFAULT NULL ON UPDATE CURRENT_TIMESTAMP
) ENGINE=InnoDB DEFAULT CHARSET=latin1;

--
-- Dumping data for table `tblbrands`
--

INSERT INTO `tblbrands` (`id`, `BrandName`, `CreationDate`, `UpdationDate`) VALUES
(1, 'Mohan Raj', '2017-06-18 16:24:34', '2019-01-07 08:07:02'),
(2, 'Rajat Sreenath', '2017-06-18 16:24:50', NULL),
(4, 'Prabhu', '2017-06-18 16:25:13', NULL);

-- --------------------------------------------------------

--
-- Table structure for table `tblcontactusinfo`
--

CREATE TABLE `tblcontactusinfo` (
  `id` int(11) NOT NULL,
  `Address` tinytext,
  `EmailId` varchar(255) DEFAULT NULL,
  `ContactNo` char(11) DEFAULT NULL
) ENGINE=InnoDB DEFAULT CHARSET=latin1;

--
-- Dumping data for table `tblcontactusinfo`
--

INSERT INTO `tblcontactusinfo` (`id`, `Address`, `EmailId`, `ContactNo`) VALUES
(1, 'Test Demo test demo																									', 'test@test.com', '8585233222');

-- --------------------------------------------------------

--
-- Table structure for table `tblcontactusquery`
--

CREATE TABLE `tblcontactusquery` (
  `id` int(11) NOT NULL,
  `name` varchar(100) DEFAULT NULL,
  `EmailId` varchar(120) DEFAULT NULL,
  `ContactNumber` char(11) DEFAULT NULL,
  `Message` longtext,
  `PostingDate` timestamp NOT NULL DEFAULT CURRENT_TIMESTAMP,
  `status` int(11) DEFAULT NULL
) ENGINE=InnoDB DEFAULT CHARSET=latin1;

-- --------------------------------------------------------

--
-- Table structure for table `tblpages`
--

CREATE TABLE `tblpages` (
  `id` int(11) NOT NULL,
  `PageName` varchar(255) DEFAULT NULL,
  `type` varchar(255) NOT NULL DEFAULT '',
  `detail` longtext NOT NULL
) ENGINE=MyISAM DEFAULT CHARSET=latin1;

--
-- Dumping data for table `tblpages`
--

INSERT INTO `tblpages` (`id`, `PageName`, `type`, `detail`) VALUES
(1, 'Terms and Conditions', 'terms', '<P align=justify><FONT size=2><STRONG><FONT color=#990000>(1) ACCEPTANCE OF TERMS</FONT><BR><BR></STRONG>Last updated: December 05, 2017\nPlease read these Terms and Conditions (\"Terms\", \"Terms and Conditions\") carefully before using the ->code-projects.org/ website (the \"Service\") operated by Code Projects (\"us\", \"we\", or \"our\").\nYour access to and use of the Service is conditioned on your acceptance of and compliance with these Terms. These Terms apply to all visitors, users and others who access or use the Service.\nBy accessing or using the Service you agree to be bound by these Terms. If you disagree with any part of the terms then you may not access the Service. Terms and Conditions from TermsFeed for Code Projects. Links To Other Web Sites\nOur Service may contain links to third-party web sites or services that are not owned or controlled by Code Projects.\nCode Projects has no control over, and assumes no responsibility for, the content, privacy policies, or practices of any third party web sites or services. You further acknowledge and agree that Code Projects shall not be responsible or liable, directly or indirectly, for any damage or loss caused or alleged to be caused by or in connection with use of or reliance on any such content, goods or services available on or through any such web sites or services.\nWe strongly advise you to read the terms and conditions and privacy policies of any third-party web sites or services that you visit. Governing Law\nThese Terms shall be governed and construed in accordance with the laws of New York, United States, without regard to its conflict of law provisions.\nOur failure to enforce any right or provision of these Terms will not be considered a waiver of those rights. If any provision of these Terms is held to be invalid or unenforceable by a court, the remaining provisions of these Terms will remain in effect. These Terms constitute the entire agreement between us regarding our Service, and supersede and replace any prior agreements we might have between us regarding the Service. Changes\nWe reserve the right, at our sole discretion, to modify or replace these Terms at any time. If a revision is material we will try to provide at least 30 days notice prior to any new terms taking effect. What constitutes a material change will be determined at our sole discretion.\nBy continuing to access or use our Service after those revisions become effective, you agree to be bound by the revised terms. If you do not agree to the new terms, please stop using the Service. Contact Us\nIf you have any questions about these Terms, please contact us. </FONT></P>'),
(2, 'Privacy Policy', 'privacy', '<span style=\"color: rgb(0, 0, 0); font-family: &quot;Open Sans&quot;, Arial, sans-serif; font-size: 14px; text-align: justify;\">At vero eos et accusamus et iusto odio dignissimos ducimus qui blanditiis praesentium voluptatum deleniti atque corrupti quos dolores et quas molestias excepturi sint occaecati cupiditate non provident, similique sunt in culpa qui officia deserunt mollitia animi, id est laborum et dolorum fuga. Et harum quidem rerum facilis est et expedita distinctio. Nam libero tempore, cum soluta nobis est eligendi optio cumque nihil impedit quo minus id quod maxime placeat facere possimus, omnis voluptas assumenda est, omnis dolor repellendus. Temporibus autem quibusdam et aut officiis debitis aut rerum necessitatibus saepe eveniet ut et voluptates repudiandae sint et molestiae non recusandae. Itaque earum rerum hic tenetur a sapiente delectus, ut aut reiciendis voluptatibus maiores alias consequatur aut perferendis doloribus asperiores repellat</span>'),
(3, 'About Us ', 'aboutus', '<span style=\"color: rgb(0, 0, 0); font-family: &quot;Open Sans&quot;, Arial, sans-serif; text-align: justify;\">WE ARE THE BIKE RENTAL MANAGER. The only 100% dedicated bike rental booking website. The first Bike Rental Manager (BRM) shop was our own bike shop. Ever Since it has been our aim to make bike rental easier for everyone, everywhere.We focus on making bike rentals easier for you.Your rental business has a unique set of challenges. We are the only dedicated bike rental site and will be able to offer you a solution to match your needs.Get in touch with us today! We provide affordable bike rates, we hae lost of Satiisfied customers feedback, you can have a look at our home page too!! </span>'),
(11, 'FAQs', 'faqs', '																														<span style=\"color: rgb(0, 0, 0); font-family: &quot;Open Sans&quot;, Arial, sans-serif; font-size: 14px; text-align: justify;\">How do I use discounts coupons?\nExcept for promotion codes, Our discounts are applied automatically if your reservation meets any of the criteria mentioned above.\n\nTo use a promotion code, simply enter the code on the homepage widget as you start your reservation. You can do this by selecting the \"Have a promotion code?\" prompt. Promotion codes can also be entered on the checkout page, under Reservation Total. Please note that the promotion code prompt does not appear for certain types of reservations, such as reservations made on the Deals page.\n<br>\nOur Discounts Terms & Conditions\nWe no longer offer or accept returning customer discounts. All discounts are non-transferable and cannot be combined with additional promotions or discounts.</br>\n\n* Liability in case accident:\nThe hirer should have coverage through his own accident and liability insurance.\nThe renting company is not responsible under any circumstances for accidents or damages caused to the hirer or which the hirer causes to any third party or cases of liability </span>');

-- --------------------------------------------------------

--
-- Table structure for table `tblsubscribers`
--

CREATE TABLE `tblsubscribers` (
  `id` int(11) NOT NULL,
  `SubscriberEmail` varchar(120) DEFAULT NULL,
  `PostingDate` timestamp NULL DEFAULT CURRENT_TIMESTAMP
) ENGINE=InnoDB DEFAULT CHARSET=latin1;

--
-- Dumping data for table `tblsubscribers`
--

INSERT INTO `tblsubscribers` (`id`, `SubscriberEmail`, `PostingDate`) VALUES
(4, 'rajat@gmail.com', '2019-01-07 08:33:48');

-- --------------------------------------------------------

--
-- Table structure for table `tbltestimonial`
--

CREATE TABLE `tbltestimonial` (
  `id` int(11) NOT NULL,
  `UserEmail` varchar(100) NOT NULL,
  `Testimonial` mediumtext NOT NULL,
  `PostingDate` timestamp NOT NULL DEFAULT CURRENT_TIMESTAMP,
  `status` int(11) DEFAULT NULL
) ENGINE=InnoDB DEFAULT CHARSET=latin1;

-- --------------------------------------------------------

--
-- Table structure for table `tblusers`
--

CREATE TABLE `tblusers` (
  `id` int(11) NOT NULL,
  `FullName` varchar(120) DEFAULT NULL,
  `EmailId` varchar(100) DEFAULT NULL,
  `Password` varchar(100) DEFAULT NULL,
  `ContactNo` char(11) DEFAULT NULL,
  `dob` varchar(100) DEFAULT NULL,
  `Address` varchar(255) DEFAULT NULL,
  `City` varchar(100) DEFAULT NULL,
  `Country` varchar(100) DEFAULT NULL,
  `RegDate` timestamp NULL DEFAULT CURRENT_TIMESTAMP,
  `UpdationDate` timestamp NULL DEFAULT NULL ON UPDATE CURRENT_TIMESTAMP
) ENGINE=InnoDB DEFAULT CHARSET=latin1;

--
-- Dumping data for table `tblusers`
--

INSERT INTO `tblusers` (`id`, `FullName`, `EmailId`, `Password`, `ContactNo`, `dob`, `Address`, `City`, `Country`, `RegDate`, `UpdationDate`) VALUES
(5, 'rajat', 'rajat@gmail.com', '827ccb0eea8a706c4c34a16891f84e7b', '9733332323', NULL, NULL, NULL, NULL, '2019-01-07 07:14:58', NULL),
(6, 'sreenath', 'sreenath@gmail.com', '827ccb0eea8a706c4c34a16891f84e7b', '9328329329', NULL, NULL, NULL, NULL, '2019-01-07 07:18:27', NULL),
(7, 'raj', 'raj@raj.com', '827ccb0eea8a706c4c34a16891f84e7b', '9392329392', NULL, NULL, NULL, NULL, '2019-01-07 08:16:52', NULL),
(8, 'roop', 'roop@gmail.com', '827ccb0eea8a706c4c34a16891f84e7b', '9473439439', NULL, NULL, NULL, NULL, '2019-01-07 08:43:33', NULL),
(9, 'subhash', 'subhash@gmail.com', '827ccb0eea8a706c4c34a16891f84e7b', '9398493473', NULL, NULL, NULL, NULL, '2019-01-07 09:10:37', NULL),
(10, 'rahul', 'rahul@gmail.com', '827ccb0eea8a706c4c34a16891f84e7b', '9384934839', NULL, NULL, NULL, NULL, '2019-01-07 09:13:47', NULL);

-- --------------------------------------------------------

--
-- Table structure for table `tblvehicles`
--

CREATE TABLE `tblvehicles` (
  `id` int(11) NOT NULL,
  `VehiclesTitle` varchar(150) DEFAULT NULL,
  `VehiclesBrand` int(11) DEFAULT NULL,
  `VehiclesOverview` longtext,
  `Vimage1` varchar(120) DEFAULT NULL,
  `Vimage2` varchar(120) DEFAULT NULL,
  `Vimage3` varchar(120) DEFAULT NULL,
  `Vimage4` varchar(120) DEFAULT NULL,
  `Vimage5` varchar(120) DEFAULT NULL,
  `AirConditioner` int(11) DEFAULT NULL,
  `PowerDoorLocks` int(11) DEFAULT NULL,
  `AntiLockBrakingSystem` int(11) DEFAULT NULL,
  `BrakeAssist` int(11) DEFAULT NULL,
  `PowerSteering` int(11) DEFAULT NULL,
  `DriverAirbag` int(11) DEFAULT NULL,
  `PassengerAirbag` int(11) DEFAULT NULL,
  `PowerWindows` int(11) DEFAULT NULL,
  `CDPlayer` int(11) DEFAULT NULL,
  `CentralLocking` int(11) DEFAULT NULL,
  `CrashSensor` int(11) DEFAULT NULL,
  `LeatherSeats` int(11) DEFAULT NULL,
  `RegDate` timestamp NOT NULL DEFAULT CURRENT_TIMESTAMP,
  `UpdationDate` timestamp NULL DEFAULT NULL ON UPDATE CURRENT_TIMESTAMP
) ENGINE=InnoDB DEFAULT CHARSET=latin1;

--
-- Dumping data for table `tblvehicles`
--

INSERT INTO `tblvehicles` (`id`, `VehiclesTitle`, `VehiclesBrand`, `VehiclesOverview`, `Vimage1`, `Vimage2`, `Vimage3`, `Vimage4`, `Vimage5`, `AirConditioner`, `PowerDoorLocks`, `AntiLockBrakingSystem`, `BrakeAssist`, `PowerSteering`, `DriverAirbag`, `PassengerAirbag`, `PowerWindows`, `CDPlayer`, `CentralLocking`, `CrashSensor`, `LeatherSeats`, `RegDate`, `UpdationDate`) VALUES
(1, 'Intern', 2, 'Slowly spreading its cards this year, the Ace of Bajaj Autos is still not on the table. With the expectations like Pulsar 400SS or Pulsar SS400, the Ace (400SS) would be the commander of the Pulsar series. It would be a benchmark for the other motorcycle manufacturers as the competition for more performance oriented bikes will definitely rise this year.', 'knowledges_base_bg.jpg', '20170523_145633.jpg', 'codepro.png', 'social-icons.png', '', 1, 1, 1, 1, 1, 1, 1, 1, 1, 1, 1, 1, '2017-06-19 11:46:23', '2019-01-07 08:08:43'),
(3, 'Head of Marketing', 4, ' The Suzuki GSX-R1000 is a sport bike from Suzuki GSX-R series of motorcycles.It was introduced in 2001 to replace the GSX-R1100 and is powered by a liquid-cooled 999 cc (61.0 cu in) inline four-cylinder, four-stroke engine.', 'featured-img-300.jpg', 'dealer-logos.jpg', 'img_390x3900.jpg', 'listing_img303.jpg', '', 1, 1, 1, 1, 1, 1, NULL, 1, 1, NULL, NULL, NULL, '2017-06-19 16:18:20', '2019-01-07 08:09:33'),
(4, 'CTO', 1, ' The KTM 390 DUKE breathes life into values that have made motorcycling so amazing for decades. It combines maximum riding pleasure with optimum user value and comes out on top wherever nimble handling counts. Light as a feather, powerful and packed with state-of-the-art technology, it guarantees a thrilling ride, whether youre in the urban jungle or a forest of bends. 390 DUKE – nowhere you will find more motorcycle per euro.', 'featured-img-3000.jpg', 'featured-img-1000.png', 'featured-img-1000.png', 'featured-img-1000.png', '', 1, 1, 1, 1, 1, 1, 1, 1, 1, NULL, NULL, NULL, '2017-06-19 16:18:43', '2019-01-07 08:07:34');

--
-- Indexes for dumped tables
--

--
-- Indexes for table `admin`
--
ALTER TABLE `admin`
  ADD PRIMARY KEY (`id`);

--
-- Indexes for table `tblbooking`
--
ALTER TABLE `tblbooking`
  ADD PRIMARY KEY (`id`);

--
-- Indexes for table `tblbrands`
--
ALTER TABLE `tblbrands`
  ADD PRIMARY KEY (`id`);

--
-- Indexes for table `tblcontactusinfo`
--
ALTER TABLE `tblcontactusinfo`
  ADD PRIMARY KEY (`id`);

--
-- Indexes for table `tblcontactusquery`
--
ALTER TABLE `tblcontactusquery`
  ADD PRIMARY KEY (`id`);

--
-- Indexes for table `tblpages`
--
ALTER TABLE `tblpages`
  ADD PRIMARY KEY (`id`);

--
-- Indexes for table `tblsubscribers`
--
ALTER TABLE `tblsubscribers`
  ADD PRIMARY KEY (`id`);

--
-- Indexes for table `tbltestimonial`
--
ALTER TABLE `tbltestimonial`
  ADD PRIMARY KEY (`id`);

--
-- Indexes for table `tblusers`
--
ALTER TABLE `tblusers`
  ADD PRIMARY KEY (`id`);

--
-- Indexes for table `tblvehicles`
--
ALTER TABLE `tblvehicles`
  ADD PRIMARY KEY (`id`);

--
-- AUTO_INCREMENT for dumped tables
--

--
-- AUTO_INCREMENT for table `admin`
--
ALTER TABLE `admin`
  MODIFY `id` int(11) NOT NULL AUTO_INCREMENT, AUTO_INCREMENT=2;

--
-- AUTO_INCREMENT for table `tblbooking`
--
ALTER TABLE `tblbooking`
  MODIFY `id` int(11) NOT NULL AUTO_INCREMENT, AUTO_INCREMENT=19;

--
-- AUTO_INCREMENT for table `tblbrands`
--
ALTER TABLE `tblbrands`
  MODIFY `id` int(11) NOT NULL AUTO_INCREMENT, AUTO_INCREMENT=8;

--
-- AUTO_INCREMENT for table `tblcontactusinfo`
--
ALTER TABLE `tblcontactusinfo`
  MODIFY `id` int(11) NOT NULL AUTO_INCREMENT, AUTO_INCREMENT=2;

--
-- AUTO_INCREMENT for table `tblcontactusquery`
--
ALTER TABLE `tblcontactusquery`
  MODIFY `id` int(11) NOT NULL AUTO_INCREMENT, AUTO_INCREMENT=2;

--
-- AUTO_INCREMENT for table `tblpages`
--
ALTER TABLE `tblpages`
  MODIFY `id` int(11) NOT NULL AUTO_INCREMENT, AUTO_INCREMENT=22;

--
-- AUTO_INCREMENT for table `tblsubscribers`
--
ALTER TABLE `tblsubscribers`
  MODIFY `id` int(11) NOT NULL AUTO_INCREMENT, AUTO_INCREMENT=5;

--
-- AUTO_INCREMENT for table `tbltestimonial`
--
ALTER TABLE `tbltestimonial`
  MODIFY `id` int(11) NOT NULL AUTO_INCREMENT, AUTO_INCREMENT=3;

--
-- AUTO_INCREMENT for table `tblusers`
--
ALTER TABLE `tblusers`
  MODIFY `id` int(11) NOT NULL AUTO_INCREMENT, AUTO_INCREMENT=11;

--
-- AUTO_INCREMENT for table `tblvehicles`
--
ALTER TABLE `tblvehicles`
  MODIFY `id` int(11) NOT NULL AUTO_INCREMENT, AUTO_INCREMENT=6;
--
-- Database: `phpmyadmin`
--
CREATE DATABASE IF NOT EXISTS `phpmyadmin` DEFAULT CHARACTER SET utf8 COLLATE utf8_bin;
USE `phpmyadmin`;

-- --------------------------------------------------------

--
-- Table structure for table `pma__bookmark`
--

CREATE TABLE `pma__bookmark` (
  `id` int(11) NOT NULL,
  `dbase` varchar(255) COLLATE utf8_bin NOT NULL DEFAULT '',
  `user` varchar(255) COLLATE utf8_bin NOT NULL DEFAULT '',
  `label` varchar(255) CHARACTER SET utf8 NOT NULL DEFAULT '',
  `query` text COLLATE utf8_bin NOT NULL
) ENGINE=InnoDB DEFAULT CHARSET=utf8 COLLATE=utf8_bin COMMENT='Bookmarks';

-- --------------------------------------------------------

--
-- Table structure for table `pma__central_columns`
--

CREATE TABLE `pma__central_columns` (
  `db_name` varchar(64) COLLATE utf8_bin NOT NULL,
  `col_name` varchar(64) COLLATE utf8_bin NOT NULL,
  `col_type` varchar(64) COLLATE utf8_bin NOT NULL,
  `col_length` text COLLATE utf8_bin,
  `col_collation` varchar(64) COLLATE utf8_bin NOT NULL,
  `col_isNull` tinyint(1) NOT NULL,
  `col_extra` varchar(255) COLLATE utf8_bin DEFAULT '',
  `col_default` text COLLATE utf8_bin
) ENGINE=InnoDB DEFAULT CHARSET=utf8 COLLATE=utf8_bin COMMENT='Central list of columns';

-- --------------------------------------------------------

--
-- Table structure for table `pma__column_info`
--

CREATE TABLE `pma__column_info` (
  `id` int(5) UNSIGNED NOT NULL,
  `db_name` varchar(64) COLLATE utf8_bin NOT NULL DEFAULT '',
  `table_name` varchar(64) COLLATE utf8_bin NOT NULL DEFAULT '',
  `column_name` varchar(64) COLLATE utf8_bin NOT NULL DEFAULT '',
  `comment` varchar(255) CHARACTER SET utf8 NOT NULL DEFAULT '',
  `mimetype` varchar(255) CHARACTER SET utf8 NOT NULL DEFAULT '',
  `transformation` varchar(255) COLLATE utf8_bin NOT NULL DEFAULT '',
  `transformation_options` varchar(255) COLLATE utf8_bin NOT NULL DEFAULT '',
  `input_transformation` varchar(255) COLLATE utf8_bin NOT NULL DEFAULT '',
  `input_transformation_options` varchar(255) COLLATE utf8_bin NOT NULL DEFAULT ''
) ENGINE=InnoDB DEFAULT CHARSET=utf8 COLLATE=utf8_bin COMMENT='Column information for phpMyAdmin';

-- --------------------------------------------------------

--
-- Table structure for table `pma__designer_settings`
--

CREATE TABLE `pma__designer_settings` (
  `username` varchar(64) COLLATE utf8_bin NOT NULL,
  `settings_data` text COLLATE utf8_bin NOT NULL
) ENGINE=InnoDB DEFAULT CHARSET=utf8 COLLATE=utf8_bin COMMENT='Settings related to Designer';

-- --------------------------------------------------------

--
-- Table structure for table `pma__export_templates`
--

CREATE TABLE `pma__export_templates` (
  `id` int(5) UNSIGNED NOT NULL,
  `username` varchar(64) COLLATE utf8_bin NOT NULL,
  `export_type` varchar(10) COLLATE utf8_bin NOT NULL,
  `template_name` varchar(64) COLLATE utf8_bin NOT NULL,
  `template_data` text COLLATE utf8_bin NOT NULL
) ENGINE=InnoDB DEFAULT CHARSET=utf8 COLLATE=utf8_bin COMMENT='Saved export templates';

--
-- Dumping data for table `pma__export_templates`
--

INSERT INTO `pma__export_templates` (`id`, `username`, `export_type`, `template_name`, `template_data`) VALUES
(1, 'root', 'server', 'fame', '{\"quick_or_custom\":\"quick\",\"what\":\"sql\",\"db_select[]\":[\"bikerental\",\"phpmyadmin\",\"test\"],\"aliases_new\":\"\",\"output_format\":\"sendit\",\"filename_template\":\"@SERVER@\",\"remember_template\":\"on\",\"charset\":\"utf-8\",\"compression\":\"none\",\"maxsize\":\"\",\"codegen_structure_or_data\":\"data\",\"codegen_format\":\"0\",\"csv_separator\":\",\",\"csv_enclosed\":\"\\\"\",\"csv_escaped\":\"\\\"\",\"csv_terminated\":\"AUTO\",\"csv_null\":\"NULL\",\"csv_structure_or_data\":\"data\",\"excel_null\":\"NULL\",\"excel_columns\":\"something\",\"excel_edition\":\"win\",\"excel_structure_or_data\":\"data\",\"json_structure_or_data\":\"data\",\"json_unicode\":\"something\",\"latex_caption\":\"something\",\"latex_structure_or_data\":\"structure_and_data\",\"latex_structure_caption\":\"Structure of table @TABLE@\",\"latex_structure_continued_caption\":\"Structure of table @TABLE@ (continued)\",\"latex_structure_label\":\"tab:@TABLE@-structure\",\"latex_relation\":\"something\",\"latex_comments\":\"something\",\"latex_mime\":\"something\",\"latex_columns\":\"something\",\"latex_data_caption\":\"Content of table @TABLE@\",\"latex_data_continued_caption\":\"Content of table @TABLE@ (continued)\",\"latex_data_label\":\"tab:@TABLE@-data\",\"latex_null\":\"\\\\textit{NULL}\",\"mediawiki_structure_or_data\":\"data\",\"mediawiki_caption\":\"something\",\"mediawiki_headers\":\"something\",\"htmlword_structure_or_data\":\"structure_and_data\",\"htmlword_null\":\"NULL\",\"ods_null\":\"NULL\",\"ods_structure_or_data\":\"data\",\"odt_structure_or_data\":\"structure_and_data\",\"odt_relation\":\"something\",\"odt_comments\":\"something\",\"odt_mime\":\"something\",\"odt_columns\":\"something\",\"odt_null\":\"NULL\",\"pdf_report_title\":\"\",\"pdf_structure_or_data\":\"data\",\"phparray_structure_or_data\":\"data\",\"sql_include_comments\":\"something\",\"sql_header_comment\":\"\",\"sql_use_transaction\":\"something\",\"sql_compatibility\":\"NONE\",\"sql_structure_or_data\":\"structure_and_data\",\"sql_create_table\":\"something\",\"sql_auto_increment\":\"something\",\"sql_create_view\":\"something\",\"sql_create_trigger\":\"something\",\"sql_backquotes\":\"something\",\"sql_type\":\"INSERT\",\"sql_insert_syntax\":\"both\",\"sql_max_query_size\":\"50000\",\"sql_hex_for_binary\":\"something\",\"sql_utc_time\":\"something\",\"texytext_structure_or_data\":\"structure_and_data\",\"texytext_null\":\"NULL\",\"yaml_structure_or_data\":\"data\",\"\":null,\"as_separate_files\":null,\"csv_removeCRLF\":null,\"csv_columns\":null,\"excel_removeCRLF\":null,\"json_pretty_print\":null,\"htmlword_columns\":null,\"ods_columns\":null,\"sql_dates\":null,\"sql_relation\":null,\"sql_mime\":null,\"sql_disable_fk\":null,\"sql_views_as_tables\":null,\"sql_metadata\":null,\"sql_drop_database\":null,\"sql_drop_table\":null,\"sql_if_not_exists\":null,\"sql_procedure_function\":null,\"sql_truncate\":null,\"sql_delayed\":null,\"sql_ignore\":null,\"texytext_columns\":null}');

-- --------------------------------------------------------

--
-- Table structure for table `pma__favorite`
--

CREATE TABLE `pma__favorite` (
  `username` varchar(64) COLLATE utf8_bin NOT NULL,
  `tables` text COLLATE utf8_bin NOT NULL
) ENGINE=InnoDB DEFAULT CHARSET=utf8 COLLATE=utf8_bin COMMENT='Favorite tables';

-- --------------------------------------------------------

--
-- Table structure for table `pma__history`
--

CREATE TABLE `pma__history` (
  `id` bigint(20) UNSIGNED NOT NULL,
  `username` varchar(64) COLLATE utf8_bin NOT NULL DEFAULT '',
  `db` varchar(64) COLLATE utf8_bin NOT NULL DEFAULT '',
  `table` varchar(64) COLLATE utf8_bin NOT NULL DEFAULT '',
  `timevalue` timestamp NOT NULL DEFAULT CURRENT_TIMESTAMP,
  `sqlquery` text COLLATE utf8_bin NOT NULL
) ENGINE=InnoDB DEFAULT CHARSET=utf8 COLLATE=utf8_bin COMMENT='SQL history for phpMyAdmin';

-- --------------------------------------------------------

--
-- Table structure for table `pma__navigationhiding`
--

CREATE TABLE `pma__navigationhiding` (
  `username` varchar(64) COLLATE utf8_bin NOT NULL,
  `item_name` varchar(64) COLLATE utf8_bin NOT NULL,
  `item_type` varchar(64) COLLATE utf8_bin NOT NULL,
  `db_name` varchar(64) COLLATE utf8_bin NOT NULL,
  `table_name` varchar(64) COLLATE utf8_bin NOT NULL
) ENGINE=InnoDB DEFAULT CHARSET=utf8 COLLATE=utf8_bin COMMENT='Hidden items of navigation tree';

-- --------------------------------------------------------

--
-- Table structure for table `pma__pdf_pages`
--

CREATE TABLE `pma__pdf_pages` (
  `db_name` varchar(64) COLLATE utf8_bin NOT NULL DEFAULT '',
  `page_nr` int(10) UNSIGNED NOT NULL,
  `page_descr` varchar(50) CHARACTER SET utf8 NOT NULL DEFAULT ''
) ENGINE=InnoDB DEFAULT CHARSET=utf8 COLLATE=utf8_bin COMMENT='PDF relation pages for phpMyAdmin';

-- --------------------------------------------------------

--
-- Table structure for table `pma__recent`
--

CREATE TABLE `pma__recent` (
  `username` varchar(64) COLLATE utf8_bin NOT NULL,
  `tables` text COLLATE utf8_bin NOT NULL
) ENGINE=InnoDB DEFAULT CHARSET=utf8 COLLATE=utf8_bin COMMENT='Recently accessed tables';

--
-- Dumping data for table `pma__recent`
--

INSERT INTO `pma__recent` (`username`, `tables`) VALUES
('root', '[{\"db\":\"bikerental\",\"table\":\"tblbooking\"},{\"db\":\"bikerental\",\"table\":\"tbltestimonial\"},{\"db\":\"bikerental\",\"table\":\"tblusers\"},{\"db\":\"bikerental\",\"table\":\"tblvehicles\"},{\"db\":\"bikerental\",\"table\":\"tblsubscribers\"},{\"db\":\"bikerental\",\"table\":\"tblpages\"},{\"db\":\"bikerental\",\"table\":\"tblcontactusquery\"},{\"db\":\"bikerental\",\"table\":\"tblcontactusinfo\"},{\"db\":\"bikerental\",\"table\":\"admin\"},{\"db\":\"bikerental\",\"table\":\"tblbrands\"}]');

-- --------------------------------------------------------

--
-- Table structure for table `pma__relation`
--

CREATE TABLE `pma__relation` (
  `master_db` varchar(64) COLLATE utf8_bin NOT NULL DEFAULT '',
  `master_table` varchar(64) COLLATE utf8_bin NOT NULL DEFAULT '',
  `master_field` varchar(64) COLLATE utf8_bin NOT NULL DEFAULT '',
  `foreign_db` varchar(64) COLLATE utf8_bin NOT NULL DEFAULT '',
  `foreign_table` varchar(64) COLLATE utf8_bin NOT NULL DEFAULT '',
  `foreign_field` varchar(64) COLLATE utf8_bin NOT NULL DEFAULT ''
) ENGINE=InnoDB DEFAULT CHARSET=utf8 COLLATE=utf8_bin COMMENT='Relation table';

-- --------------------------------------------------------

--
-- Table structure for table `pma__savedsearches`
--

CREATE TABLE `pma__savedsearches` (
  `id` int(5) UNSIGNED NOT NULL,
  `username` varchar(64) COLLATE utf8_bin NOT NULL DEFAULT '',
  `db_name` varchar(64) COLLATE utf8_bin NOT NULL DEFAULT '',
  `search_name` varchar(64) COLLATE utf8_bin NOT NULL DEFAULT '',
  `search_data` text COLLATE utf8_bin NOT NULL
) ENGINE=InnoDB DEFAULT CHARSET=utf8 COLLATE=utf8_bin COMMENT='Saved searches';

-- --------------------------------------------------------

--
-- Table structure for table `pma__table_coords`
--

CREATE TABLE `pma__table_coords` (
  `db_name` varchar(64) COLLATE utf8_bin NOT NULL DEFAULT '',
  `table_name` varchar(64) COLLATE utf8_bin NOT NULL DEFAULT '',
  `pdf_page_number` int(11) NOT NULL DEFAULT '0',
  `x` float UNSIGNED NOT NULL DEFAULT '0',
  `y` float UNSIGNED NOT NULL DEFAULT '0'
) ENGINE=InnoDB DEFAULT CHARSET=utf8 COLLATE=utf8_bin COMMENT='Table coordinates for phpMyAdmin PDF output';

-- --------------------------------------------------------

--
-- Table structure for table `pma__table_info`
--

CREATE TABLE `pma__table_info` (
  `db_name` varchar(64) COLLATE utf8_bin NOT NULL DEFAULT '',
  `table_name` varchar(64) COLLATE utf8_bin NOT NULL DEFAULT '',
  `display_field` varchar(64) COLLATE utf8_bin NOT NULL DEFAULT ''
) ENGINE=InnoDB DEFAULT CHARSET=utf8 COLLATE=utf8_bin COMMENT='Table information for phpMyAdmin';

-- --------------------------------------------------------

--
-- Table structure for table `pma__table_uiprefs`
--

CREATE TABLE `pma__table_uiprefs` (
  `username` varchar(64) COLLATE utf8_bin NOT NULL,
  `db_name` varchar(64) COLLATE utf8_bin NOT NULL,
  `table_name` varchar(64) COLLATE utf8_bin NOT NULL,
  `prefs` text COLLATE utf8_bin NOT NULL,
  `last_update` timestamp NOT NULL DEFAULT CURRENT_TIMESTAMP ON UPDATE CURRENT_TIMESTAMP
) ENGINE=InnoDB DEFAULT CHARSET=utf8 COLLATE=utf8_bin COMMENT='Tables'' UI preferences';

-- --------------------------------------------------------

--
-- Table structure for table `pma__tracking`
--

CREATE TABLE `pma__tracking` (
  `db_name` varchar(64) COLLATE utf8_bin NOT NULL,
  `table_name` varchar(64) COLLATE utf8_bin NOT NULL,
  `version` int(10) UNSIGNED NOT NULL,
  `date_created` datetime NOT NULL,
  `date_updated` datetime NOT NULL,
  `schema_snapshot` text COLLATE utf8_bin NOT NULL,
  `schema_sql` text COLLATE utf8_bin,
  `data_sql` longtext COLLATE utf8_bin,
  `tracking` set('UPDATE','REPLACE','INSERT','DELETE','TRUNCATE','CREATE DATABASE','ALTER DATABASE','DROP DATABASE','CREATE TABLE','ALTER TABLE','RENAME TABLE','DROP TABLE','CREATE INDEX','DROP INDEX','CREATE VIEW','ALTER VIEW','DROP VIEW') COLLATE utf8_bin DEFAULT NULL,
  `tracking_active` int(1) UNSIGNED NOT NULL DEFAULT '1'
) ENGINE=InnoDB DEFAULT CHARSET=utf8 COLLATE=utf8_bin COMMENT='Database changes tracking for phpMyAdmin';

-- --------------------------------------------------------

--
-- Table structure for table `pma__userconfig`
--

CREATE TABLE `pma__userconfig` (
  `username` varchar(64) COLLATE utf8_bin NOT NULL,
  `timevalue` timestamp NOT NULL DEFAULT CURRENT_TIMESTAMP ON UPDATE CURRENT_TIMESTAMP,
  `config_data` text COLLATE utf8_bin NOT NULL
) ENGINE=InnoDB DEFAULT CHARSET=utf8 COLLATE=utf8_bin COMMENT='User preferences storage for phpMyAdmin';

--
-- Dumping data for table `pma__userconfig`
--

INSERT INTO `pma__userconfig` (`username`, `timevalue`, `config_data`) VALUES
('root', '2019-01-07 08:05:12', '{\"Console\\/Mode\":\"collapse\"}');

-- --------------------------------------------------------

--
-- Table structure for table `pma__usergroups`
--

CREATE TABLE `pma__usergroups` (
  `usergroup` varchar(64) COLLATE utf8_bin NOT NULL,
  `tab` varchar(64) COLLATE utf8_bin NOT NULL,
  `allowed` enum('Y','N') COLLATE utf8_bin NOT NULL DEFAULT 'N'
) ENGINE=InnoDB DEFAULT CHARSET=utf8 COLLATE=utf8_bin COMMENT='User groups with configured menu items';

-- --------------------------------------------------------

--
-- Table structure for table `pma__users`
--

CREATE TABLE `pma__users` (
  `username` varchar(64) COLLATE utf8_bin NOT NULL,
  `usergroup` varchar(64) COLLATE utf8_bin NOT NULL
) ENGINE=InnoDB DEFAULT CHARSET=utf8 COLLATE=utf8_bin COMMENT='Users and their assignments to user groups';

--
-- Indexes for dumped tables
--

--
-- Indexes for table `pma__bookmark`
--
ALTER TABLE `pma__bookmark`
  ADD PRIMARY KEY (`id`);

--
-- Indexes for table `pma__central_columns`
--
ALTER TABLE `pma__central_columns`
  ADD PRIMARY KEY (`db_name`,`col_name`);

--
-- Indexes for table `pma__column_info`
--
ALTER TABLE `pma__column_info`
  ADD PRIMARY KEY (`id`),
  ADD UNIQUE KEY `db_name` (`db_name`,`table_name`,`column_name`);

--
-- Indexes for table `pma__designer_settings`
--
ALTER TABLE `pma__designer_settings`
  ADD PRIMARY KEY (`username`);

--
-- Indexes for table `pma__export_templates`
--
ALTER TABLE `pma__export_templates`
  ADD PRIMARY KEY (`id`),
  ADD UNIQUE KEY `u_user_type_template` (`username`,`export_type`,`template_name`);

--
-- Indexes for table `pma__favorite`
--
ALTER TABLE `pma__favorite`
  ADD PRIMARY KEY (`username`);

--
-- Indexes for table `pma__history`
--
ALTER TABLE `pma__history`
  ADD PRIMARY KEY (`id`),
  ADD KEY `username` (`username`,`db`,`table`,`timevalue`);

--
-- Indexes for table `pma__navigationhiding`
--
ALTER TABLE `pma__navigationhiding`
  ADD PRIMARY KEY (`username`,`item_name`,`item_type`,`db_name`,`table_name`);

--
-- Indexes for table `pma__pdf_pages`
--
ALTER TABLE `pma__pdf_pages`
  ADD PRIMARY KEY (`page_nr`),
  ADD KEY `db_name` (`db_name`);

--
-- Indexes for table `pma__recent`
--
ALTER TABLE `pma__recent`
  ADD PRIMARY KEY (`username`);

--
-- Indexes for table `pma__relation`
--
ALTER TABLE `pma__relation`
  ADD PRIMARY KEY (`master_db`,`master_table`,`master_field`),
  ADD KEY `foreign_field` (`foreign_db`,`foreign_table`);

--
-- Indexes for table `pma__savedsearches`
--
ALTER TABLE `pma__savedsearches`
  ADD PRIMARY KEY (`id`),
  ADD UNIQUE KEY `u_savedsearches_username_dbname` (`username`,`db_name`,`search_name`);

--
-- Indexes for table `pma__table_coords`
--
ALTER TABLE `pma__table_coords`
  ADD PRIMARY KEY (`db_name`,`table_name`,`pdf_page_number`);

--
-- Indexes for table `pma__table_info`
--
ALTER TABLE `pma__table_info`
  ADD PRIMARY KEY (`db_name`,`table_name`);

--
-- Indexes for table `pma__table_uiprefs`
--
ALTER TABLE `pma__table_uiprefs`
  ADD PRIMARY KEY (`username`,`db_name`,`table_name`);

--
-- Indexes for table `pma__tracking`
--
ALTER TABLE `pma__tracking`
  ADD PRIMARY KEY (`db_name`,`table_name`,`version`);

--
-- Indexes for table `pma__userconfig`
--
ALTER TABLE `pma__userconfig`
  ADD PRIMARY KEY (`username`);

--
-- Indexes for table `pma__usergroups`
--
ALTER TABLE `pma__usergroups`
  ADD PRIMARY KEY (`usergroup`,`tab`,`allowed`);

--
-- Indexes for table `pma__users`
--
ALTER TABLE `pma__users`
  ADD PRIMARY KEY (`username`,`usergroup`);

--
-- AUTO_INCREMENT for dumped tables
--

--
-- AUTO_INCREMENT for table `pma__bookmark`
--
ALTER TABLE `pma__bookmark`
  MODIFY `id` int(11) NOT NULL AUTO_INCREMENT;

--
-- AUTO_INCREMENT for table `pma__column_info`
--
ALTER TABLE `pma__column_info`
  MODIFY `id` int(5) UNSIGNED NOT NULL AUTO_INCREMENT;

--
-- AUTO_INCREMENT for table `pma__export_templates`
--
ALTER TABLE `pma__export_templates`
  MODIFY `id` int(5) UNSIGNED NOT NULL AUTO_INCREMENT, AUTO_INCREMENT=2;

--
-- AUTO_INCREMENT for table `pma__history`
--
ALTER TABLE `pma__history`
  MODIFY `id` bigint(20) UNSIGNED NOT NULL AUTO_INCREMENT;

--
-- AUTO_INCREMENT for table `pma__pdf_pages`
--
ALTER TABLE `pma__pdf_pages`
  MODIFY `page_nr` int(10) UNSIGNED NOT NULL AUTO_INCREMENT;

--
-- AUTO_INCREMENT for table `pma__savedsearches`
--
ALTER TABLE `pma__savedsearches`
  MODIFY `id` int(5) UNSIGNED NOT NULL AUTO_INCREMENT;
--
-- Database: `test`
--
CREATE DATABASE IF NOT EXISTS `test` DEFAULT CHARACTER SET latin1 COLLATE latin1_swedish_ci;
USE `test`;

-- --------------------------------------------------------

--
-- Table structure for table `admin`
--

CREATE TABLE `admin` (
  `admin_id` int(11) NOT NULL,
  `email` varchar(50) NOT NULL,
  `password` varchar(500) NOT NULL
) ENGINE=InnoDB DEFAULT CHARSET=utf8;

--
-- Dumping data for table `admin`
--

INSERT INTO `admin` (`admin_id`, `email`, `password`) VALUES
(1, 'rajat@gmail.com', '123456'),
(2, 'admin@admin.com', 'admin');

-- --------------------------------------------------------

--
-- Table structure for table `answer`
--

CREATE TABLE `answer` (
  `qid` text NOT NULL,
  `ansid` text NOT NULL
) ENGINE=InnoDB DEFAULT CHARSET=utf8;

--
-- Dumping data for table `answer`
--

INSERT INTO `answer` (`qid`, `ansid`) VALUES
('558922894c453', '558922895ea0a'),
('558922899ccaa', '55892289aa7cf'),
('5b3b0db7e8c0c', '5b3b0db800076'),
('5b3b0db81cf9e', '5b3b0db822814'),
('5b3b0db841166', '5b3b0db846db0'),
('5b3b0db863d3d', '5b3b0db869582'),
('5b3b0db897f2b', '5b3b0db89d9e0'),
('5b3b1baa46f67', '5b3b1baa7b6e1'),
('5b3b1baaca44d', '5b3b1baacff65');

-- --------------------------------------------------------

--
-- Table structure for table `courses`
--

CREATE TABLE `courses` (
  `id` int(11) NOT NULL,
  `course` varchar(255) NOT NULL
) ENGINE=MyISAM DEFAULT CHARSET=latin1;

--
-- Dumping data for table `courses`
--

INSERT INTO `courses` (`id`, `course`) VALUES
(1, 'PHP'),
(2, 'JAVA');

-- --------------------------------------------------------

--
-- Table structure for table `feedback`
--

CREATE TABLE `feedback` (
  `id` text NOT NULL,
  `name` varchar(50) NOT NULL,
  `email` varchar(50) NOT NULL,
  `subject` varchar(500) NOT NULL,
  `feedback` varchar(500) NOT NULL,
  `date` date NOT NULL,
  `time` varchar(50) NOT NULL
) ENGINE=InnoDB DEFAULT CHARSET=utf8;

--
-- Dumping data for table `feedback`
--

INSERT INTO `feedback` (`id`, `name`, `email`, `subject`, `feedback`, `date`, `time`) VALUES
('5b3c60518b54b', 'mukesh', 'mukesh@gmail.com', 'rajat@gmail.com', 'yo!\r\nyo', '2018-07-04', '05:51:13am');

-- --------------------------------------------------------

--
-- Table structure for table `history`
--

CREATE TABLE `history` (
  `email` varchar(50) NOT NULL,
  `eid` text NOT NULL,
  `score` int(11) NOT NULL,
  `level` int(11) NOT NULL,
  `sahi` int(11) NOT NULL,
  `wrong` int(11) NOT NULL,
  `date` timestamp NOT NULL DEFAULT CURRENT_TIMESTAMP ON UPDATE CURRENT_TIMESTAMP
) ENGINE=InnoDB DEFAULT CHARSET=utf8;

--
-- Dumping data for table `history`
--

INSERT INTO `history` (`email`, `eid`, `score`, `level`, `sahi`, `wrong`, `date`) VALUES
('raju20@gmail.com', '5589222f16b93', 4, 2, 2, 0, '2015-06-23 14:49:39'),
('mi5@hollywood.com', '5589222f16b93', 4, 2, 2, 0, '2015-06-23 15:12:56'),
('rajasss@gmail.com', '5589222f16b93', 1, 2, 1, 1, '2015-06-24 03:22:38'),
('admin@admin.com', '5b3b0cc5d5c95', -5, 5, 0, 5, '2018-07-03 05:46:54'),
('admin@admin.com', '5b3b0cc5d5c95', -5, 5, 0, 5, '2018-07-03 05:46:54'),
('test@gmail.com', '5b3b0cc5d5c95', 11, 5, 4, 1, '2018-07-03 05:48:01'),
('admin@admin.com', '5b3b1b90ecdc5', 1, 2, 1, 1, '2018-07-03 06:46:13');

-- --------------------------------------------------------

--
-- Table structure for table `options`
--

CREATE TABLE `options` (
  `qid` varchar(50) NOT NULL,
  `option` varchar(5000) NOT NULL,
  `optionid` text NOT NULL
) ENGINE=InnoDB DEFAULT CHARSET=utf8;

--
-- Dumping data for table `options`
--

INSERT INTO `options` (`qid`, `option`, `optionid`) VALUES
('558922894c453', 'cin>>a;', '558922895ea0a'),
('558922894c453', 'cin<<a;', '558922895ea26'),
('558922894c453', 'cout>>a;', '558922895ea34'),
('558922894c453', 'cout<a;', '558922895ea41'),
('558922899ccaa', 'cout', '55892289aa7cf'),
('558922899ccaa', 'cin', '55892289aa7df'),
('558922899ccaa', 'print', '55892289aa7eb'),
('558922899ccaa', 'printf', '55892289aa7f5'),
('5b3b0db7e8c0c', 'class', '5b3b0db800076'),
('5b3b0db7e8c0c', 'struct', '5b3b0db8000cf'),
('5b3b0db7e8c0c', 'int', '5b3b0db800126'),
('5b3b0db7e8c0c', 'none of the above mentioned', '5b3b0db800170'),
('5b3b0db81cf9e', 'malloc', '5b3b0db822767'),
('5b3b0db81cf9e', 'alloc', '5b3b0db8227bc'),
('5b3b0db81cf9e', 'new', '5b3b0db822814'),
('5b3b0db81cf9e', 'give', '5b3b0db82285c'),
('5b3b0db841166', 'Public method is accessible to all other classes in the hierarchy', '5b3b0db846db0'),
('5b3b0db841166', 'Public method is accessible only to subclasses of its parent class', '5b3b0db846e01'),
('5b3b0db841166', 'Public method can only be called by object of its class', '5b3b0db846e4b'),
('5b3b0db841166', 'Public method can be accessed by calling object of the public class', '5b3b0db846e9f'),
('5b3b0db863d3d', 'Array', '5b3b0db869529'),
('5b3b0db863d3d', 'Stack', '5b3b0db869582'),
('5b3b0db863d3d', 'Queue', '5b3b0db8695d7'),
('5b3b0db863d3d', 'Tree', '5b3b0db869629'),
('5b3b0db897f2b', 'A recursive method must have a base case', '5b3b0db89d8d9'),
('5b3b0db897f2b', 'Recursion always uses stack', '5b3b0db89d932'),
('5b3b0db897f2b', 'Recursive methods are faster that programmers written loop to call the function repeatedly using a stack', '5b3b0db89d989'),
('5b3b0db897f2b', 'Recursion is managed by Java Runtime environment', '5b3b0db89d9e0'),
('5b3b1baa46f67', '1', '5b3b1baa7b6e1'),
('5b3b1baa46f67', '2', '5b3b1baa7b75a'),
('5b3b1baa46f67', '3', '5b3b1baa7b7af'),
('5b3b1baa46f67', '4', '5b3b1baa7b7fc'),
('5b3b1baaca44d', '1', '5b3b1baacff65'),
('5b3b1baaca44d', '3', '5b3b1baacffbd'),
('5b3b1baaca44d', '4', '5b3b1baad0011'),
('5b3b1baaca44d', '5', '5b3b1baad0062');

-- --------------------------------------------------------

--
-- Table structure for table `paper`
--

CREATE TABLE `paper` (
  `id` int(11) NOT NULL,
  `course_id` int(11) NOT NULL COMMENT 'id of the courses table',
  `paper` varchar(255) NOT NULL
) ENGINE=MyISAM DEFAULT CHARSET=latin1;

--
-- Dumping data for table `paper`
--

INSERT INTO `paper` (`id`, `course_id`, `paper`) VALUES
(2, 1, 'Core PHP'),
(3, 1, 'Advanced PHP'),
(4, 2, 'Core Java'),
(5, 2, 'Advanced Java');

-- --------------------------------------------------------

--
-- Table structure for table `questions`
--

CREATE TABLE `questions` (
  `eid` text NOT NULL,
  `qid` text NOT NULL,
  `qns` text NOT NULL,
  `choice` int(10) NOT NULL,
  `sn` int(11) NOT NULL
) ENGINE=InnoDB DEFAULT CHARSET=utf8;

--
-- Dumping data for table `questions`
--

INSERT INTO `questions` (`eid`, `qid`, `qns`, `choice`, `sn`) VALUES
('5589222f16b93', '558922894c453', 'what is correct statement in c++??', 4, 1),
('5589222f16b93', '558922899ccaa', 'which command is use for print the output in c++?', 4, 2),
('5b3b0cc5d5c95', '5b3b0db7e8c0c', 'Which of these keywords is used to make a class?', 4, 1),
('5b3b0cc5d5c95', '5b3b0db81cf9e', 'Which of these operators is used to allocate memory for an object?', 4, 2),
('5b3b0cc5d5c95', '5b3b0db841166', 'Which of the following statements is correct?', 4, 3),
('5b3b0cc5d5c95', '5b3b0db863d3d', 'Which of these data types is used by operating system to manage the Recursion in Java?', 4, 4),
('5b3b0cc5d5c95', '5b3b0db897f2b', 'Which of these is not a correct statement?', 4, 5),
('5b3b1b90ecdc5', '5b3b1baa46f67', 'test', 4, 1),
('5b3b1b90ecdc5', '5b3b1baaca44d', 'check', 4, 2);

-- --------------------------------------------------------

--
-- Table structure for table `quiz`
--

CREATE TABLE `quiz` (
  `eid` text NOT NULL,
  `title` varchar(100) NOT NULL,
  `sahi` int(11) NOT NULL,
  `wrong` int(11) NOT NULL,
  `total` int(11) NOT NULL,
  `time` bigint(20) NOT NULL,
  `intro` text NOT NULL,
  `tag` varchar(100) NOT NULL,
  `date` timestamp NOT NULL DEFAULT CURRENT_TIMESTAMP ON UPDATE CURRENT_TIMESTAMP
) ENGINE=InnoDB DEFAULT CHARSET=utf8;

--
-- Dumping data for table `quiz`
--

INSERT INTO `quiz` (`eid`, `title`, `sahi`, `wrong`, `total`, `time`, `intro`, `tag`, `date`) VALUES
('5589222f16b93', 'C++ Coding', 2, 1, 2, 5, '', 'c++', '2015-06-23 09:09:03'),
('5b3b0cc5d5c95', 'Java - Basics', 3, 1, 5, 5, '', '', '2018-07-03 05:42:29'),
('5b3b1b90ecdc5', 'Test', 2, 1, 2, 1, '', '', '2018-07-03 06:45:36');

-- --------------------------------------------------------

--
-- Table structure for table `rank`
--

CREATE TABLE `rank` (
  `email` varchar(50) NOT NULL,
  `score` int(11) NOT NULL,
  `time` timestamp NOT NULL DEFAULT CURRENT_TIMESTAMP ON UPDATE CURRENT_TIMESTAMP
) ENGINE=InnoDB DEFAULT CHARSET=utf8;

--
-- Dumping data for table `rank`
--

INSERT INTO `rank` (`email`, `score`, `time`) VALUES
('test@gmail.com', 11, '2018-07-03 05:48:01');

-- --------------------------------------------------------

--
-- Table structure for table `user`
--

CREATE TABLE `user` (
  `name` varchar(50) NOT NULL,
  `gender` varchar(5) NOT NULL,
  `email` varchar(50) NOT NULL,
  `mob` bigint(20) NOT NULL,
  `date` date NOT NULL,
  `password` varchar(50) NOT NULL
) ENGINE=InnoDB DEFAULT CHARSET=utf8;

--
-- Dumping data for table `user`
--

INSERT INTO `user` (`name`, `gender`, `email`, `mob`, `date`, `password`) VALUES
('', 'Male', '', 1234567890, '0000-00-00', 'd41d8cd98f00b204e9800998ecf8427e'),
('Mukesh', 'M', 'mukesh2@gmail.com', 9878737383, '2018-07-03', 'd41d8cd98f00b204e9800998ecf8427e'),
('Mukesh', 'M', 'mukesh@gmail.com', 9382839239, '2018-07-04', 'd41d8cd98f00b204e9800998ecf8427e'),
('Test', 'M', 'test@gmail.com', 9793388383, '2018-07-03', 'd41d8cd98f00b204e9800998ecf8427e');

-- --------------------------------------------------------

--
-- Table structure for table `users`
--

CREATE TABLE `users` (
  `uid` int(11) NOT NULL,
  `username` varchar(50) NOT NULL,
  `password` varchar(50) NOT NULL,
  `email` varchar(50) DEFAULT NULL
) ENGINE=InnoDB DEFAULT CHARSET=latin1;

--
-- Dumping data for table `users`
--

INSERT INTO `users` (`uid`, `username`, `password`, `email`) VALUES
(1, 'test', '827ccb0eea8a706c4c34a16891f84e7b', 'test@gmail.com'),
(3, 'admin', '21232f297a57a5a743894a0e4a801fc3', 'admin@gmail.com');

--
-- Indexes for dumped tables
--

--
-- Indexes for table `admin`
--
ALTER TABLE `admin`
  ADD PRIMARY KEY (`admin_id`);

--
-- Indexes for table `paper`
--
ALTER TABLE `paper`
  ADD KEY `course_id` (`course_id`);

--
-- Indexes for table `user`
--
ALTER TABLE `user`
  ADD PRIMARY KEY (`email`);

--
-- Indexes for table `users`
--
ALTER TABLE `users`
  ADD PRIMARY KEY (`uid`),
  ADD UNIQUE KEY `username` (`username`);

--
-- AUTO_INCREMENT for dumped tables
--

--
-- AUTO_INCREMENT for table `admin`
--
ALTER TABLE `admin`
  MODIFY `admin_id` int(11) NOT NULL AUTO_INCREMENT, AUTO_INCREMENT=4;

--
-- AUTO_INCREMENT for table `users`
--
ALTER TABLE `users`
  MODIFY `uid` int(11) NOT NULL AUTO_INCREMENT, AUTO_INCREMENT=6;
COMMIT;

/*!40101 SET CHARACTER_SET_CLIENT=@OLD_CHARACTER_SET_CLIENT */;
/*!40101 SET CHARACTER_SET_RESULTS=@OLD_CHARACTER_SET_RESULTS */;
/*!40101 SET COLLATION_CONNECTION=@OLD_COLLATION_CONNECTION */;
